{
  "name": "subversion",
  "description": "Installs subversion",
  "long_description": "",
  "maintainer": "Opscode, Inc.",
  "maintainer_email": "cookbooks@opscode.com",
  "license": "Apache 2.0",
  "platforms": {
    "redhat": ">= 0.0.0",
    "centos": ">= 0.0.0",
    "fedora": ">= 0.0.0",
    "ubuntu": ">= 0.0.0",
    "debian": ">= 0.0.0",
    "windows": ">= 0.0.0",
    "suse": ">= 0.0.0"
  },
  "dependencies": {
    "apache2": ">= 0.0.0",
    "windows": ">= 0.0.0"
  },
  "recommendations": {
  },
  "suggestions": {
  },
  "conflicting": {
  },
  "providing": {
  },
  "replacing": {
  },
  "attributes": {
  },
  "groupings": {
  },
  "recipes": {
    "subversion": "Includes the client recipe.",
    "subversion::client": "Subversion Client installs subversion and some extra svn libs",
    "subversion::server": "Subversion Server (Apache2 mod_dav_svn)"
  },
  "version": "1.0.2"
}