<?xml version="1.0" encoding="UTF-8"?>
<project xmlns="http://www.netbeans.org/ns/project/1">
    <type>org.netbeans.modules.ant.freeform</type>
    <configuration>
        <general-data xmlns="http://www.netbeans.org/ns/freeform-project/1">
            <name>SayMetrix</name>
        </general-data>
        <general-data xmlns="http://www.netbeans.org/ns/freeform-project/2">
            <!-- Do not use Project Properties customizer when editing this file manually. -->
            <name>SayMetrix</name>
            <properties>
                <property name="ant.script">/Applications/play-1.2.5/framework/build.xml</property>
                <property name="application.path">/Users/karol/projects/saymetrix-projects/saymetrix</property>
                <property name="application.name">SayMetrix</property>
            </properties>
            <folders>
                <source-folder>
                    <label>.</label>
                    <location>.</location>
                    <encoding>UTF-8</encoding>
                </source-folder>
                <source-folder>
                    <label>app</label>
                    <type>java</type>
                    <location>app</location>
                    <encoding>UTF-8</encoding>
                </source-folder>
                <source-folder>
                    <label>test</label>
                    <type>java</type>
                    <location>test</location>
                    <encoding>UTF-8</encoding>
                </source-folder>
            </folders>
            <ide-actions>
            	<action name="clean">
                    <script>${ant.script}</script>
                    <target>doNothing</target>
                    <property name="application.path">${application.path}</property>
                </action>
                <action name="build">
                    <script>${ant.script}</script>
                    <target>doNothing</target>
                    <property name="application.path">${application.path}</property>
                </action>
                <action name="rebuild">
                    <script>${ant.script}</script>
                    <target>doNothing</target>
                    <property name="application.path">${application.path}</property>
                </action>
                <action name="run">
                    <script>${ant.script}</script>
                    <target>nb-run-application</target>
                    <property name="application.path">${application.path}</property>
                </action>
                <action name="debug">
                    <script>${ant.script}</script>
                    <target>nb-debug</target>
                    <property name="application.name">${application.name}</property>
                    <property name="application.path">${application.path}</property>
                </action>
                <action name="test">
                    <script>${ant.script}</script>
                    <target>test-application</target>
                    <property name="application.path">${application.path}</property>
                </action>
            </ide-actions>
            <view>
                <items>
                    <source-folder style="packages">
                        <label>app</label>
                        <location>app</location>
                        <excludes>views/**</excludes>
                    </source-folder>
                    <source-folder style="tree">
                        <label>app/views</label>
                        <location>app/views</location>
                    </source-folder>
                    <source-folder style="tree">
                        <label>public</label>
                        <location>public</location>
                    </source-folder>
                    <source-folder style="tree">
                        <label>conf</label>
                        <location>conf</location>
                    </source-folder>
                    <source-folder style="packages">
                        <label>test</label>
                        <location>test</location>
                    </source-folder>   
                    <source-folder style="tree"><label>src</label><location>src</location></source-folder>                 
                </items>
                <context-menu>
                    <ide-action name="run"/>
                    <ide-action name="debug"/>
                    <ide-action name="test"/>
                </context-menu>
            </view>
            <subprojects/>
        </general-data>
        <java-data xmlns="http://www.netbeans.org/ns/freeform-project-java/2">
            <compilation-unit>
                <package-root>app</package-root>
                <package-root>test</package-root>
                <package-root>/Applications/play-1.2.5/modules/excel-1.2.3x/app</package-root><package-root>/Users/karol/projects/saymetrix-projects/saymetrix/modules/deadbolt-1.5.4/app</package-root><package-root>/Applications/play-1.2.5/modules/secure/app</package-root><package-root>/Users/karol/projects/saymetrix-projects/saymetrix/modules/press-1.0.36/app</package-root>
                <classpath mode="compile">/Users/karol/projects/saymetrix-projects/saymetrix/conf;/Applications/play-1.2.5/framework/play-1.2.5.jar;/Users/karol/projects/saymetrix-projects/saymetrix/lib/flexjson-2.1.jar;/Users/karol/projects/saymetrix-projects/saymetrix/lib/icu4j-3.4.4.jar;/Users/karol/projects/saymetrix-projects/saymetrix/lib/jasypt-1.9.0.jar;/Users/karol/projects/saymetrix-projects/saymetrix/lib/javatuples-1.2.jar;/Users/karol/projects/saymetrix-projects/saymetrix/lib/joda-time-hibernate-1.3.jar;/Users/karol/projects/saymetrix-projects/saymetrix/lib/ooxml-schemas-1.1.jar;/Users/karol/projects/saymetrix-projects/saymetrix/lib/servlet-api-2.4.jar;/Users/karol/projects/saymetrix-projects/saymetrix/lib/stax-api-1.0.1.jar;/Users/karol/projects/saymetrix-projects/saymetrix/lib/xmlbeans-2.3.0.jar;/Applications/play-1.2.5/modules/excel-1.2.3x/lib/commons-digester-2.1.jar;/Applications/play-1.2.5/modules/excel-1.2.3x/lib/commons-jexl-2.0.1.jar;/Applications/play-1.2.5/modules/excel-1.2.3x/lib/jxls-core-1.0-RC-2.jar;/Applications/play-1.2.5/modules/excel-1.2.3x/lib/jxls-reader-1.0-RC-2.jar;/Applications/play-1.2.5/modules/excel-1.2.3x/lib/ooxml-schemas-1.0.jar;/Applications/play-1.2.5/modules/excel-1.2.3x/lib/play-excel.jar;/Applications/play-1.2.5/modules/excel-1.2.3x/lib/poi-3.7-20101029.jar;/Applications/play-1.2.5/modules/excel-1.2.3x/lib/poi-ooxml-3.7-20101029.jar;/Applications/play-1.2.5/modules/excel-1.2.3x/lib/xbean.jar;/Users/karol/projects/saymetrix-projects/saymetrix/modules/deadbolt-1.5.4/lib/play-deadbolt.jar;/Users/karol/projects/saymetrix-projects/saymetrix/modules/press-1.0.36/lib/lesscss-engine-1.3.0.jar;/Users/karol/projects/saymetrix-projects/saymetrix/modules/press-1.0.36/lib/play-press.jar;/Users/karol/projects/saymetrix-projects/saymetrix/modules/press-1.0.36/lib/yuicompressor-2.4.7.jar;/Applications/play-1.2.5/framework/lib/activation-1.1.1.jar;/Applications/play-1.2.5/framework/lib/antlr-2.7.7.jar;/Applications/play-1.2.5/framework/lib/asm-all-3.3.1.jar;/Applications/play-1.2.5/framework/lib/async-http-client-1.7.4.jar;/Applications/play-1.2.5/framework/lib/bcprov-jdk15-1.45.jar;/Applications/play-1.2.5/framework/lib/c3p0-0.9.1.2.jar;/Applications/play-1.2.5/framework/lib/cglib-nodep-2.2.jar;/Applications/play-1.2.5/framework/lib/commons-beanutils-1.8.3.jar;/Applications/play-1.2.5/framework/lib/commons-codec-1.4.jar;/Applications/play-1.2.5/framework/lib/commons-collections-3.1.jar;/Applications/play-1.2.5/framework/lib/commons-email-1.2.jar;/Applications/play-1.2.5/framework/lib/commons-fileupload-1.2.2.jar;/Applications/play-1.2.5/framework/lib/commons-io-2.0.1.jar;/Applications/play-1.2.5/framework/lib/commons-javaflow-1209105.jar;/Applications/play-1.2.5/framework/lib/commons-lang-2.6.jar;/Applications/play-1.2.5/framework/lib/commons-logging-1.1.1.jar;/Applications/play-1.2.5/framework/lib/dom4j-1.6.1.jar;/Applications/play-1.2.5/framework/lib/ehcache-core-2.4.3.jar;/Applications/play-1.2.5/framework/lib/ezmorph-1.0.3.jar;/Applications/play-1.2.5/framework/lib/geronimo-servlet_2.5_spec-1.2.jar;/Applications/play-1.2.5/framework/lib/groovy-all-1.8.6.jar;/Applications/play-1.2.5/framework/lib/gson-2.2.jar;/Applications/play-1.2.5/framework/lib/h2-1.3.166.jar;/Applications/play-1.2.5/framework/lib/hibernate-commons-annotations-3.2.0.Final.jar;/Applications/play-1.2.5/framework/lib/hibernate-core-3.6.10.Final.jar;/Applications/play-1.2.5/framework/lib/hibernate-entitymanager-3.6.10.Final.jar;/Applications/play-1.2.5/framework/lib/hibernate-jpa-2.0-api-1.0.1.Final.jar;/Applications/play-1.2.5/framework/lib/hibernate-validator-4.1.0.Final.jar;/Applications/play-1.2.5/framework/lib/ivy-2.2.0.jar;/Applications/play-1.2.5/framework/lib/jamon-2.7.jar;/Applications/play-1.2.5/framework/lib/javassist-3.9.0.GA.jar;/Applications/play-1.2.5/framework/lib/javax.inject-1.0.jar;/Applications/play-1.2.5/framework/lib/jaxb-api-2.2.jar;/Applications/play-1.2.5/framework/lib/jaxb-impl-2.1.12.jar;/Applications/play-1.2.5/framework/lib/jaxen-1.1.jar;/Applications/play-1.2.5/framework/lib/jboss-transaction-api_1.1_spec-1.0.0.Final.jar;/Applications/play-1.2.5/framework/lib/jj-imaging.jar;/Applications/play-1.2.5/framework/lib/jj-simplecaptcha.jar;/Applications/play-1.2.5/framework/lib/jj-textile.jar;/Applications/play-1.2.5/framework/lib/jj-wikitext.jar;/Applications/play-1.2.5/framework/lib/joda-time-2.1.jar;/Applications/play-1.2.5/framework/lib/jregex-1.2_01.jar;/Applications/play-1.2.5/framework/lib/jsr107cache-1.0.jar;/Applications/play-1.2.5/framework/lib/junit-4.10.jar;/Applications/play-1.2.5/framework/lib/log4j-1.2.16.jar;/Applications/play-1.2.5/framework/lib/mail-1.4.3.jar;/Applications/play-1.2.5/framework/lib/memcached-2.6.jar;/Applications/play-1.2.5/framework/lib/mysql-connector-java-5.1.20.jar;/Applications/play-1.2.5/framework/lib/netty-3.4.2.Final.jar;/Applications/play-1.2.5/framework/lib/org.eclipse.jdt.core-3.7.1.v_B76_R37x.jar;/Applications/play-1.2.5/framework/lib/oval-1.50.jar;/Applications/play-1.2.5/framework/lib/postgresql-9.0.jar;/Applications/play-1.2.5/framework/lib/signpost-core-1.2.jar;/Applications/play-1.2.5/framework/lib/slf4j-api-1.6.1.jar;/Applications/play-1.2.5/framework/lib/slf4j-log4j12-1.6.1.jar;/Applications/play-1.2.5/framework/lib/snakeyaml-1.7.jar;/Applications/play-1.2.5/framework/lib/validation-api-1.0.0.GA.jar;/Applications/play-1.2.5/framework/lib/xmlpull-1.1.3.1.jar;/Applications/play-1.2.5/framework/lib/xstream-1.4.2.jar;nbproject/classes;/Applications/play-1.2.5/framework/src</classpath>
                <built-to>nbproject/classes</built-to>  
                <source-level>1.5</source-level>                 
            </compilation-unit>
        </java-data>
    </configuration>
</project>
